x,y,z
1,1901,3373.2
1,1902,3520.7
1,1903,2957.4
1,1904,3079.6
1,1905,2566.7
1,1906,2534.4
1,1907,3347.9
1,1908,3576.4
1,1910,2899.4
1,1911,2687.2
1,1912,2960.5
1,1913,2365.8
1,1914,2957.8
1,1915,2741.3
1,1916,2937.5
1,1917,2612.4
1,1918,3275
1,1919,2352.1
1,1920,2943.2
1,1921,2606.4
1,1922,3554.2
1,1923,3079.595503
1,1924,2349.634858
1,1925,2480.5
1,1926,3282.2
1,1927,2442.9
1,1928,2998.3
1,1929,2926.6
1,1930,3075.1
1,1931,2357.7
1,1932,1771.225759
1,1933,2987.5
1,1934,3722.8
1,1935,3154
1,1936,3081.781712
1,1937,3591.1
1,1938,3264.4
1,1939,2782.5
1,1940,3007.5
1,1941,2898.2
1,1942,1420.649485
1,1946,2791.6
1,1947,3092.111863
1,1949,3489.6
1,1950,2422.2
1,1951,3275.1
1,1952,3079.9
1,1953,2722
1,1954,3449
1,1955,3349.6
1,1956,3079.9
1,1957,2507.2
1,1958,2807.4
1,1959,3343.4
1,1960,3025.1
1,1961,3938.2
1,1962,2959.7
1,1963,2981.7
1,1964,3054.8
1,1965,3163.9
1,1966,2701.2
1,1967,3216.6
1,1968,2762.8
1,1969,2619.2
1,1970,3370.9
1,1971,2998.7
1,1972,3323.1
1,1973,2991
1,1974,2962.1
1,1975,3085.6
1,1976,3276
1,1977,2388.2
1,1978,2712.4
1,1979,1849.3
1,1980,3625.3
1,1981,3074.7
1,1982,2384.5
1,1983,2792.5
1,1984,2820.3
1,1985,2630.8
1,1986,2187.9
1,1987,2763.9
1,1988,3323.1
1,1989,2533.7
1,1990,2183.2
1,1991,2535.6
1,1992,2098.6
1,1993,2237.4
1,1994,3263.1
1,1995,3115.5
1,1996,2996.9
1,1997,2755.1
1,1998,2846.4
1,1999,2699.7
1,2000,2763.1
1,2001,3080.8
1,2002,2620.1
1,2003,2355.7
1,2004,2460
1,2005,2954.5
1,2006,2404.7
1,2007,2748.2
1,2008,3374.9
1,2009,2538.6
1,2010,3157.1
1,2011,3828
1,2012,3497.6
1,2013,3757.7
1,2014,2622.5
1,2015,2904.5
1,2016,2851.9
1,2017,2890
2,1916,3519.004035
2,1917,3626.395503
2,1918,5486.3
2,1919,4693.9
2,1920,4106.7
2,1921,5691.4
2,1922,4187.2
2,1923,3507.5
2,1924,4450.5
2,1925,4439.8
2,1926,3521.6
2,1927,5253.2
2,1928,5272.7
2,1929,4320.1
2,1930,4334.3
2,1931,4872.1
2,1932,4850.9
2,1933,3773.4
2,1934,4575.6
2,1935,4173.5
2,1936,4788.7
2,1937,3375.1
2,1938,6129.1
2,1939,3898.6
2,1940,4099.5
2,1941,4220.2
2,1942,3828.3
2,1943,4326.6
2,1944,3904.3
2,1945,3649.2
2,1946,4011.2
2,1947,4369.1
2,1948,6331.1
2,1949,4874.8
2,1950,2621.247704
2,1951,3354.3
2,1952,2396.1
2,1953,2675.714713
2,1957,3843.937649
2,1958,5063.5
2,1959,4195.5
2,1960,3709.4
2,1961,3676.5
2,1962,4810.825542
2,1963,4138
2,1964,4959.3
2,1965,2196.8
2,1966,2209.7
2,1967,1668.5
2,1968,2138.9
2,1969,1877.8
2,1970,1973.4
2,1971,2184.6
2,1972,2281.3
2,1973,2457.6
2,1974,3064
2,1975,2213.4
2,1976,2419.6
2,1977,3774.4
2,1978,2531
2,1979,2773.7
2,1980,3215.4
2,1981,2790.8
2,1982,2779.4
2,1983,3335.1
2,1984,3278.1
2,1985,3266.4
2,1986,2495.6
2,1987,3433.3
2,1988,4155.4
2,1989,3281.7
2,1990,3604.1
2,1991,3434.5
2,1992,2706.8
2,1993,3348.9
2,1994,2287.3
2,1995,3068.8
2,1996,2520.6
2,1997,2274.9
2,1998,3616.7
2,1999,2316.7
2,2000,2596.9
2,2001,2035.9
2,2002,2389.3
2,2003,2451.7
2,2004,2545.8
2,2005,2335.5
2,2006,2259.4
2,2007,3020.6
2,2008,2244.5
2,2009,1750
2,2010,2855.6
2,2011,2193.6
2,2012,3440.5
2,2013,2042.9
2,2014,2403.1
2,2015,2767.5
2,2016,2706.8
2,2017,2745.5
3,1901,2498.7
3,1902,2952.1
3,1903,2544.6
3,1904,2664.2
3,1905,2790.7
3,1906,2663.2
3,1907,2521.3
3,1908,2277.8
3,1909,2377
3,1910,2887.3
3,1911,3096.1
3,1912,2743.4
3,1913,2760.5
3,1914,2343.9
3,1915,3165.2
3,1916,2601
3,1917,2520
3,1918,3106.8
3,1919,2344.1
3,1920,2623.7
3,1921,2999.5
3,1922,2262
3,1923,2440.4
3,1924,2691.6
3,1925,2550.5
3,1926,2511.6
3,1927,2792.9
3,1928,2634.1
3,1929,2953.8
3,1930,2550.8
3,1931,2800.1
3,1932,2888.6
3,1933,2339.1
3,1934,3074.8
3,1935,2678.5
3,1936,2671.3
3,1937,2324.6
3,1938,2786.5
3,1939,2401.5
3,1940,2451.7
3,1941,2709.4
3,1942,2677.1
3,1943,2703.8
3,1944,2524.4
3,1945,2665.7
3,1946,2679.5
3,1947,2643.2
3,1948,3185.5
3,1949,2983.3
3,1950,2392.4
3,1951,2613.9
3,1952,2851.3
3,1953,2560
3,1954,2859.2
3,1955,2761.2
3,1956,2802.9
3,1957,2257
3,1958,2626.5
3,1959,2535.7
3,1960,2342.2
3,1961,2195.4
3,1962,2296
3,1963,2511.7
3,1964,2729.7
3,1965,2398.9
3,1966,2789.3
3,1967,2123.3
3,1968,2530.8
3,1969,2332.3
3,1970,3048.5
3,1971,2315.1
3,1972,2379.1
3,1973,2672.1
3,1974,3403.6
3,1975,2270.6
3,1976,1956
3,1977,2616.7
3,1978,2011.8
3,1979,2188.4
3,1980,2289.2
3,1981,2079.3
3,1982,2382.3
3,1983,2620.2
3,1984,3156.9
3,1985,2801.7
3,1986,2592.7
3,1987,2921.6
3,1988,3261.7
3,1989,2682.3
3,1990,2771.2
3,1991,2838
3,1992,2259.7
3,1993,2879.2
3,1994,2121.3
3,1995,2886
3,1996,2466.8
3,1997,2372.2
3,1998,2803.1
3,1999,2594.1
3,2000,2486.8
3,2001,2178.6
3,2002,2392.6
3,2003,2434.2
3,2004,2994.2
3,2005,2468.2
3,2006,1898.7
3,2007,2752.7
3,2008,2339.6
3,2009,2068.2
3,2010,2711.4
3,2011,1743.5
3,2012,2609.4
3,2013,1816.5
3,2014,2206.2
3,2015,2471
3,2016,2266.7
3,2017,2711.6
22,1901,2168.3
22,1902,2174.9
22,1903,2230.9
22,1904,2519.6
22,1905,2527.5
22,1906,2514.5
22,1907,2121.8
22,1908,2319.2
22,1909,2308.8
22,1910,2268.1
22,1911,2479.8
22,1912,2308.9
22,1913,2613.1
22,1914,2529.1
22,1915,2819.9
22,1916,2554.9
22,1917,2222.2
22,1918,3013.2
22,1919,2048.1
22,1920,2375.7
22,1921,2638.2
22,1922,2462.7
22,1923,2685.5
22,1924,2701.7
22,1925,2447.4
22,1926,2463.2
22,1927,2887.3
22,1928,2472.4
22,1929,2859.4
22,1930,2487.4
22,1931,2461.2
22,1932,2761.8
22,1933,2451.8
22,1934,3040.8
22,1935,2543.3
22,1936,2917.2
22,1937,2741.7
22,1938,2971.7
22,1939,2608.4
22,1940,2526.9
22,1941,2966.1
22,1942,2680.8
22,1943,2428
22,1944,2877.2
22,1945,3051.8
22,1946,3036.1
22,1947,3210.5
22,1948,2822
22,1949,2976.3
22,1950,2422.9
22,1951,2609.4
22,1952,2810.9
22,1953,2661.7
22,1954,2905
22,1955,2865.3
22,1956,3022.7
22,1957,2303.9
22,1958,1968.5
22,1959,2327.6
22,1960,1800
22,1961,1901.2
22,1962,1822.5
22,1963,2970
22,1964,2328.8
22,1965,2031
22,1966,2478.7
22,1967,2230
22,1968,2110
22,1969,3610.1
22,1970,4316.3
22,1971,3080.9
22,1972,1353.9
22,1973,2106.1
22,1974,2329.6
22,1975,2209.8
22,1976,2651.3
22,1977,2358.6
22,1978,2150.6
22,1979,1749.2
22,1980,2304.9
22,1981,2072.3
22,1982,2027.5
22,1983,2588.1
22,1984,2454
22,1985,2105.3
22,1986,2342.2
22,1987,2361.2
22,1988,2820.2
22,1989,2359.1
22,1990,2582.2
22,1991,2851.9
22,1992,2221.5
22,1993,2881.7
22,1994,1712.5
22,1995,2340.1
22,1996,2194.6
22,1997,2212.1
22,1998,2225.4
22,1999,2232.9
22,2000,2363.9
22,2001,2149.2
22,2002,2242.4
22,2003,2162.3
22,2004,2353.7
22,2005,1836.7
22,2006,1872.2
22,2007,2538.3
22,2008,1748.9
22,2009,1737.7
22,2010,2295.2
22,2011,1892.2
22,2012,1923
22,2013,1557.1
22,2014,1599.9
22,2015,1922.2
22,2016,1956.4
22,2017,2805.3
29,1901,2113.1
29,1902,3180.3
29,1903,2404.3
29,1904,2169.9
29,1905,3005
29,1906,2617.9
29,1907,2530
29,1908,1988.2
29,1909,2670.2
29,1910,3046.1
29,1911,3194.1
29,1912,2793.7
29,1913,2934.9
29,1914,2414.3
29,1915,2505
29,1916,3476.8
29,1917,2841.8
29,1918,2981.7
29,1919,2544.4
29,1920,2884.1
29,1921,3513.3
29,1922,3001.7
29,1923,2488.9
29,1924,2950.8
29,1925,2886.5
29,1926,2637.6
29,1927,2732.2
29,1928,2869
29,1929,2931.3
29,1930,2184.2
29,1931,2876.4
29,1932,2715.6
29,1933,2514.1
29,1934,2612.9
29,1935,2785.1
29,1936,2660.3
29,1937,2568.3
29,1938,3249.2
29,1939,2591
29,1940,2320.2
29,1941,2717.9
29,1942,2365.3
29,1943,2917.6
29,1944,2583.2
29,1945,2755.4
29,1946,2768.4
29,1947,2534.2
29,1948,2936.5
29,1949,3287.6
29,1950,2762.6
29,1951,2683.2
29,1952,3270.9
29,1953,2594
29,1954,3055.7
29,1955,2992.8
29,1956,2885.4
29,1957,2225.5
29,1958,2820.2
29,1959,2580.2
29,1960,2610.4
29,1961,2304.2
29,1962,2521.8
29,1963,2604.8
29,1964,2981.5
29,1965,2762.8
29,1966,2515.4
29,1967,2860.5
29,1968,3378.8
29,1969,2424.8
29,1970,2702.2
29,1971,3226.9
29,1972,2414.6
29,1973,2804.6
29,1974,3341.5
29,1975,2663.8
29,1976,2794
29,1977,2906.4
29,1978,2377.9
29,1979,2511.7
29,1980,3148.6
29,1981,2969.3
29,1982,2337.5
29,1983,2838.7
29,1984,2748.4
29,1985,3037.9
29,1986,2365.4
29,1987,3185.5
29,1988,3141.5
29,1989,2854.6
29,1990,3565.4
29,1991,3072.2
29,1992,2358.9
29,1993,2895.9
29,1994,2127.1
29,1995,3557.7
29,1996,2800.2
29,1997,2551.4
29,1998,3655.2
29,1999,3323.3
29,2000,2908.1
29,2001,2612.6
29,2002,2546.9
29,2003,2723
29,2004,2714.8
29,2005,2807.7
29,2006,2262.1
29,2007,2638.7
29,2008,2689.8
29,2009,2324.7
29,2010,2612.5
29,2011,2418.8
29,2012,2632.3
29,2013,2406.1
29,2014,2322.5
29,2015,2518.5
29,2016,2624.8
29,2017,2684.8
11,1901,1487.7
11,1902,1347.6
11,1903,1354.3
11,1904,1383.1
11,1905,1667
11,1906,1395.5
11,1907,1337.1
11,1908,1399.8
11,1909,1697.7
11,1910,1385.9
11,1911,1264.9
11,1912,1347.4
11,1913,1826.8
11,1914,1383.8
11,1915,1310.3
11,1916,1600.5
11,1917,1775.7
11,1918,1395.3
11,1919,1482.3
11,1920,1363.5
11,1921,1300.2
11,1922,1655.7
11,1923,1285.2
11,1924,1266.5
11,1925,1273.7
11,1926,1705.2
11,1927,1190.7
11,1928,1625
11,1929,1557.4
11,1930,1381
11,1931,1475.7
11,1932,1306.8
11,1933,1867.1
11,1934,1117.6
11,1935,1015.1
11,1936,1505.7
11,1937,1522.5
11,1938,1337.8
11,1939,1698.5
11,1940,1358.7
11,1941,1801.1
11,1942,1615.7
11,1943,1446.3
11,1944,1406.4
11,1945,1271.5
11,1946,1714.2
11,1947,1363.1
11,1948,1532
11,1949,1493.5
11,1950,1615.8
11,1951,1214
11,1952,1395.7
11,1953,1505.8
11,1954,1080
11,1955,1268.3
11,1956,1714.2
11,1957,1130.6
11,1958,1151.1
11,1959,1812.6
11,1960,1245.5
11,1961,1290.5
11,1962,1173.4
11,1963,1289.6
11,1964,1278.4
11,1965,1263.9
11,1966,1118.7
11,1967,1348.4
11,1968,1597.8
11,1969,1404.1
11,1970,1648.4
11,1971,2099.8
11,1972,1333.2
11,1973,1735.1
11,1974,1470.6
11,1975,1466.2
11,1976,1240.6
11,1977,1840.6
11,1978,1872.7
11,1979,1157.8
11,1980,1520.8
11,1981,1909.1
11,1982,1111
11,1983,1463.6
11,1984,1831.7
11,1985,1413.5
11,1986,1790.8
11,1987,1591.5
11,1988,1681.5
11,1989,1626.2
11,1990,1961.3
11,1991,1609.3
11,1992,1414.6
11,1993,1759.7
11,1994,1530.8
11,1995,1936.1
11,1996,1504.1
11,1997,1657.9
11,1998,1632.8
11,1999,1957
11,2000,1572
11,2001,1540.7
11,2002,1613.4
11,2003,1496.7
11,2004,1569.4
11,2005,1604.8
11,2006,1660.4
11,2007,1941.5
11,2008,1555.4
11,2009,1314.9
11,2010,1064.9
11,2011,1686.4
11,2012,1268
11,2013,1764
11,2014,1261.3
11,2015,1530.2
11,2016,1427
11,2017,1568.7
24,1901,1284.2
24,1902,1348.9
24,1903,1568.2
24,1904,1514.8
24,1905,1357.3
24,1906,1408.2
24,1907,1447.2
24,1908,1430.6
24,1909,1535.3
24,1910,1598.5
24,1911,1417.3
24,1912,1397.2
24,1913,1544.3
24,1914,1598.6
24,1915,1436.9
24,1916,1479.5
24,1917,1850
24,1918,1297.5
24,1919,1757.9
24,1920,1402.5
24,1921,1324.1
24,1922,1466.6
24,1923,1258.6
24,1924,1263.5
24,1925,1807.9
24,1926,1535.7
24,1927,1525.6
24,1928,1585.5
24,1929,1637.8
24,1930,1446.1
24,1931,1477
24,1932,1440.2
24,1933,1851
24,1934,1488.9
24,1935,1219.3
24,1936,1875.9
24,1937,1567.4
24,1938,1441.6
24,1939,1563.6
24,1940,1687.7
24,1941,1435.3
24,1942,1448
24,1943,1586.5
24,1944,1608.2
24,1945,1538.6
24,1946,1614.9
24,1947,1410.9
24,1948,1333.9
24,1949,1348.9
24,1950,1392.8
24,1951,1396.3
24,1952,1516.9
24,1953,1437.8
24,1954,1208
24,1955,1597.1
24,1956,1885.4
24,1957,1277.5
24,1958,1624
24,1959,1495.8
24,1960,1593
24,1961,1945.2
24,1962,1346.6
24,1963,1562.1
24,1964,1354.5
24,1965,1174.6
24,1966,1286.9
24,1967,1427.5
24,1968,1464.1
24,1969,1283.1
24,1970,1412.3
24,1971,1596.8
24,1972,1325
24,1973,1573.5
24,1974,987
24,1975,1392
24,1976,1179
24,1977,1477.9
24,1978,1438.9
24,1979,996
24,1980,1462.9
24,1981,1295.6
24,1982,1258.6
24,1983,1432.1
24,1984,1377.4
24,1985,1607.3
24,1986,1559.9
24,1987,1097.7
24,1988,1306.9
24,1989,1299.7
24,1990,1905.1
24,1991,1472.6
24,1992,1329.4
24,1993,1448.1
24,1994,1744.7
24,1995,1614
24,1996,1061.6
24,1997,1504.6
24,1998,1357.2
24,1999,1484.4
24,2000,1097.2
24,2001,1672.5
24,2002,1102.8
24,2003,1648.2
24,2004,1290.4
24,2005,1503.4
24,2006,1716.9
24,2007,1633.8
24,2008,1539
24,2009,1330.3
24,2010,1292.2
24,2011,1346.3
24,2012,1405.9
24,2013,1632.3
24,2014,1537
24,2015,1210
24,2016,1253.5
24,2017,1344.4
16,1901,1274.5
16,1902,1197.6
16,1903,1174.3
16,1904,1480.8
16,1905,1354.7
16,1906,1314.3
16,1907,1455.6
16,1908,1214.2
16,1909,1447.9
16,1910,1297.4
16,1911,1475.4
16,1912,1142.8
16,1913,1585.8
16,1914,1215.4
16,1915,1102.2
16,1916,1364.3
16,1917,1724.3
16,1918,1162.7
16,1919,1633.4
16,1920,1415
16,1921,1233.7
16,1922,1443.2
16,1923,1431.8
16,1924,1431.9
16,1925,1327.6
16,1926,1478.4
16,1927,1283.1
16,1928,1384
16,1929,1611.5
16,1930,1434
16,1931,1350.5
16,1932,1193.7
16,1933,1535.7
16,1934,1197.4
16,1935,1151.6
16,1936,1664.4
16,1937,1450.4
16,1938,1229.7
16,1939,1519.8
16,1940,1231.9
16,1941,1513.6
16,1942,1589
16,1943,1556.1
16,1944,1386.5
16,1945,1308.7
16,1946,1553.2
16,1947,1234.6
16,1948,1402.7
16,1949,1436.7
16,1950,1392.9
16,1951,1071.6
16,1952,1387.3
16,1953,1509.4
16,1954,1059.5
16,1955,1080.8
16,1956,1555.7
16,1957,1377.4
16,1958,1180.5
16,1959,1599.9
16,1960,1248.8
16,1961,1560.6
16,1962,1047.7
16,1963,1314.9
16,1964,1150.4
16,1965,1012.4
16,1966,879.7
16,1967,1225.3
16,1968,1293.2
16,1969,1158.1
16,1970,1291.4
16,1971,1898.7
16,1972,996.2
16,1973,1441.2
16,1974,1127
16,1975,1361.5
16,1976,1191.7
16,1977,1521.5
16,1978,1556.3
16,1979,882.8
16,1980,1340.4
16,1981,1167.2
16,1982,1085.3
16,1983,1261.8
16,1984,1529.8
16,1985,1240.3
16,1986,1335.5
16,1987,1332.7
16,1988,1153.6
16,1989,1148.9
16,1990,1404.5
16,1991,1251
16,1992,933.2
16,1993,1204
16,1994,1579.4
16,1995,1366.6
16,1996,1191.6
16,1997,1461.3
16,1998,1353.7
16,1999,1586.9
16,2000,1191.5
16,2001,1254.5
16,2002,1034.9
16,2003,1244.9
16,2004,1136.8
16,2005,960.5
16,2006,1459.3
16,2007,1437.3
16,2008,1325.4
16,2009,996.3
16,2010,697.1
16,2011,1374.6
16,2012,1064.9
16,2013,1253.5
16,2014,1156.6
16,2015,1081.8
16,2016,1264.1
16,2017,1165.7
4,1901,952.4
4,1902,1206.2
4,1903,1016.4
4,1904,1269.7
4,1905,1498.6
4,1906,1265.1
4,1907,1126.4
4,1908,737.5
4,1909,1390.6
4,1910,1398.4
4,1911,1449
4,1912,1129.4
4,1913,1529.9
4,1914,1059.9
4,1915,1349.5
4,1916,1504.6
4,1917,1334
4,1918,1411.6
4,1919,1252.6
4,1920,1123.8
4,1921,1272.4
4,1922,1449.2
4,1923,982.7
4,1924,1456.2
4,1925,1191.5
4,1926,1121.7
4,1927,1100.3
4,1928,1249.6
4,1929,1359.2
4,1930,1114.3
4,1931,1146.4
4,1932,927
4,1933,1392.6
4,1934,1226.3
4,1935,1240.3
4,1936,1572.5
4,1937,1306.4
4,1938,1506.7
4,1939,1243.2
4,1940,1088.2
4,1941,1223
4,1942,1252.6
4,1943,1169.8
4,1944,1228.9
4,1945,1242.8
4,1946,1393.8
4,1947,1092.2
4,1948,1299.3
4,1949,1444.4
4,1950,1124.6
4,1951,850.2
4,1952,1206.9
4,1953,1378.8
4,1954,1050.6
4,1955,1244.3
4,1956,1493.3
4,1957,966.8
4,1958,1167.5
4,1959,1179.7
4,1960,1247.8
4,1961,1258
4,1962,1178
4,1963,1326.2
4,1964,1122.3
4,1965,1002.8
4,1966,767
4,1967,999.8
4,1968,1140
4,1969,1288.5
4,1970,1074.6
4,1971,1432.5
4,1972,717.9
4,1973,1189.1
4,1974,1235.2
4,1975,1069.1
4,1976,1161.7
4,1977,1147.7
4,1978,1290.8
4,1979,1001.8
4,1980,1252
4,1981,1364.6
4,1982,933.6
4,1983,1104.3
4,1984,1426.2
4,1985,1455
4,1986,1322.1
4,1987,1660.5
4,1988,1337.5
4,1989,1269.9
4,1990,1239.2
4,1991,1045.8
4,1992,797.5
4,1993,1208.4
4,1994,969.3
4,1995,1112
4,1996,1107.3
4,1997,1303.7
4,1998,1332.6
4,1999,1402.7
4,2000,1207
4,2001,1247.1
4,2002,1105.8
4,2003,1353.8
4,2004,1147.6
4,2005,907.8
4,2006,1052.8
4,2007,1600.1
4,2008,1197.6
4,2009,889.5
4,2010,629.2
4,2011,1097.3
4,2012,1032.4
4,2013,1069.8
4,2014,1061
4,2015,872.7
4,2016,1158
4,2017,1112
10,1901,873.2
10,1902,905.2
10,1903,1216.4
10,1904,1071.3
10,1905,891.5
10,1906,997.5
10,1907,666.4
10,1908,744.7
10,1909,1106.6
10,1910,1116.3
10,1911,1113.9
10,1912,879.5
10,1913,861.6
10,1914,988.8
10,1915,1409.8
10,1916,1201.8
10,1917,1216.5
10,1918,650.7
10,1919,1023.5
10,1920,860.2
10,1921,1114.8
10,1922,1364
10,1923,1076
10,1924,1120
10,1925,1114.2
10,1926,989.4
10,1927,1031.1
10,1928,804.8
10,1929,1014.9
10,1930,1069.4
10,1931,1047.1
10,1932,738.5
10,1933,977.6
10,1934,1068.3
10,1935,919.8
10,1936,1545.4
10,1937,1035.3
10,1938,1374.1
10,1939,945
10,1940,867
10,1941,798.1
10,1942,1028.7
10,1943,1101
10,1944,1061.4
10,1945,980.5
10,1946,1038.9
10,1947,1006.3
10,1948,1323.1
10,1949,1131.1
10,1950,951.4
10,1951,752.6
10,1952,936
10,1953,1266.8
10,1954,969.7
10,1955,1424.3
10,1956,1254.1
10,1957,955.7
10,1958,1016.9
10,1959,869.2
10,1960,1170
10,1961,1214.1
10,1962,1072
10,1963,996.5
10,1964,1036.8
10,1965,685.5
10,1966,707.7
10,1967,1029.3
10,1968,839.9
10,1969,1024.7
10,1970,1132.3
10,1971,1311.1
10,1972,666.8
10,1973,955.6
10,1974,882.1
10,1975,1225.5
10,1976,923.6
10,1977,914.1
10,1978,1116.5
10,1979,696.5
10,1980,1488.6
10,1981,1110.3
10,1982,1110.6
10,1983,1205
10,1984,1076.6
10,1985,1175.9
10,1986,935.6
10,1987,824.6
10,1988,1085.1
10,1989,969.9
10,1990,1106.2
10,1991,875.3
10,1992,863.4
10,1993,833.8
10,1994,910.3
10,1995,860.2
10,1996,1010.4
10,1997,493.5
10,1998,661
10,1999,952.7
10,2000,946.9
10,2001,973.8
10,2002,689.2
10,2003,1096.3
10,2004,746.9
10,2005,770.1
10,2006,632.1
10,2007,741.3
10,2008,953.3
10,2009,610
10,2010,692.1
10,2011,781.2
10,2012,602.7
10,2013,1041.2
10,2014,701.2
10,2015,603.3
10,2016,871.6
10,2017,694.9
36,1901,776
36,1902,736.6
36,1903,808.5
36,1904,945.3
36,1905,433.4
36,1906,978.6
36,1907,589.7
36,1908,866.1
36,1909,903
36,1910,875.7
36,1911,751.7
36,1912,804.3
36,1913,495.2
36,1914,887.5
36,1915,802.5
36,1916,1114.2
36,1917,1120.2
36,1918,371.9
36,1919,968.9
36,1920,622.8
36,1921,992.2
36,1922,1000.8
36,1923,902.2
36,1924,1064.1
36,1925,943.9
36,1926,917.1
36,1927,934.2
36,1928,644.6
36,1929,650.4
36,1930,788.4
36,1931,930.8
36,1932,705.9
36,1933,1035.5
36,1934,897.7
36,1935,784.7
36,1936,1218.6
36,1937,676.9
36,1938,730.4
36,1939,721.1
36,1940,783.9
36,1941,516.3
36,1942,1088.2
36,1943,850.4
36,1944,770.4
36,1945,966
36,1946,896.8
36,1947,809
36,1948,1028.1
36,1949,906.6
36,1950,834.1
36,1951,728.8
36,1952,875.3
36,1953,761.6
36,1954,879.2
36,1955,1060.9
36,1956,1064.5
36,1957,1005.2
36,1958,1165.4
36,1959,768.3
36,1960,1129.6
36,1961,1198.1
36,1962,798.2
36,1963,929.7
36,1964,1002
36,1965,673.6
36,1966,756.1
36,1967,1157.1
36,1968,693.1
36,1969,878.1
36,1970,863.9
36,1971,1002.9
36,1972,585.1
36,1973,806
36,1974,668.9
36,1975,989.4
36,1976,653
36,1977,994.4
36,1978,1244
36,1979,558
36,1980,984.6
36,1981,739.5
36,1982,969
36,1983,1191.7
36,1984,781.2
36,1985,957.2
36,1986,715.3
36,1987,466.9
36,1988,1035.5
36,1989,657.4
36,1990,958.2
36,1991,748.8
36,1992,820.7
36,1993,772.1
36,1994,807
36,1995,826.9
36,1996,941.1
36,1997,445.2
36,1998,867.3
36,1999,786.4
36,2000,771.3
36,2001,661.7
36,2002,625.2
36,2003,1047.4
36,2004,642.4
36,2005,725.6
36,2006,529.2
36,2007,572.5
36,2008,799.6
36,2009,549.2
36,2010,820.6
36,2011,777.3
36,2012,389.6
36,2013,932.7
36,2014,486.8
36,2015,582.8
36,2016,693
36,2017,585.3
32,1901,1562.4
32,1902,1324.1
32,1903,1306.7
32,1904,1492.1
32,1905,1302.2
32,1906,1538
32,1907,1194.3
32,1908,1256.1
32,1909,1717.8
32,1910,1963.9
32,1911,1542.9
32,1912,1394.3
32,1913,1137.6
32,1914,1940.9
32,1915,1601.2
32,1916,1678.7
32,1917,2103
32,1918,1215.4
32,1919,1583.3
32,1920,1328.5
32,1921,1848.8
32,1922,1860.1
32,1923,1582.9
32,1924,1927.1
32,1925,1535
32,1926,1381.3
32,1927,1649.8
32,1928,1241.8
32,1929,1212.1
32,1930,1271.2
32,1931,1334.2
32,1932,1369.7
32,1933,1595.8
32,1934,1339.1
32,1935,1137.1
32,1936,1912.3
32,1937,1533.5
32,1938,1529.2
32,1939,1142.7
32,1940,1223.8
32,1941,1061.6
32,1942,1711.5
32,1943,1366.5
32,1944,1198.8
32,1945,1647.9
32,1946,1526.7
32,1947,1360
32,1948,1535.5
32,1949,1412.2
32,1950,1584.1
32,1951,1174.5
32,1952,1477.8
32,1953,1565.9
32,1954,1862.8
32,1955,1667
32,1956,1942.9
32,1957,1780.7
32,1958,1499
32,1959,1742.9
32,1960,1540.1
32,1961,1948.2
32,1962,1647.6
32,1963,1801.9
32,1964,1769.5
32,1965,1305.7
32,1966,1465.9
32,1967,1556.1
32,1968,1478.5
32,1969,1635.8
32,1970,1293.4
32,1971,1803.6
32,1972,1077.9
32,1973,1239.6
32,1974,1161.6
32,1975,1580.2
32,1976,986.3
32,1977,1416.3
32,1978,2031.4
32,1979,1072.3
32,1980,1333.4
32,1981,1356.3
32,1982,1372.1
32,1983,1525.2
32,1984,1339.1
32,1985,1653.6
32,1986,1514.4
32,1987,987.2
32,1988,1602.4
32,1989,1263.6
32,1990,1565
32,1991,1020.7
32,1992,1108.1
32,1993,1594
32,1994,1441.8
32,1995,1616.1
32,1996,1401.4
32,1997,803.5
32,1998,1198.6
32,1999,1185.6
32,2000,1712.8
32,2001,1544.4
32,2002,1574.7
32,2003,1734.4
32,2004,1219.6
32,2005,1348.2
32,2006,1178.9
32,2007,1924.4
32,2008,1363.6
32,2009,847.6
32,2010,1424
32,2011,1564.6
32,2012,1223.9
32,2013,1735.3
32,2014,1287.5
32,2015,1247.6
32,2016,1308.6
32,2017,1475.8
13,1901,390.2
13,1902,419.7
13,1903,428.9
13,1904,527.5
13,1905,322.8
13,1906,593.7
13,1907,443.9
13,1908,689
13,1909,769.4
13,1910,605.2
13,1911,509.7
13,1912,529.2
13,1913,508.5
13,1914,664.7
13,1915,422.4
13,1916,629.2
13,1917,986.8
13,1918,234.6
13,1919,553.8
13,1920,368.8
13,1921,446.4
13,1922,552.7
13,1923,581.5
13,1924,654.8
13,1925,557.1
13,1926,616
13,1927,502.4
13,1928,388.2
13,1929,306.6
13,1930,500.6
13,1931,519
13,1932,439.9
13,1933,856.9
13,1934,501.3
13,1935,568.4
13,1936,511.1
13,1937,481.6
13,1938,278.9
13,1939,310.3
13,1940,395.7
13,1941,363.9
13,1942,804.4
13,1943,407.9
13,1944,484.3
13,1945,654.7
13,1946,437.7
13,1947,464.6
13,1948,592
13,1949,485.3
13,1950,551.2
13,1951,338.2
13,1952,556.5
13,1953,561.8
13,1954,536.9
13,1955,694
13,1956,653.7
13,1957,617.2
13,1958,673
13,1959,485
13,1960,722.9
13,1961,627.8
13,1962,511
13,1963,521.7
13,1964,711
13,1965,381.9
13,1966,707.9
13,1967,839.9
13,1968,388.3
13,1969,477.2
13,1970,538.2
13,1971,636.8
13,1972,440.8
13,1973,527.1
13,1974,384.9
13,1975,622
13,1976,726.7
13,1977,740.1
13,1978,651.3
13,1979,341.5
13,1980,513.3
13,1981,493.3
13,1982,506.6
13,1983,744.5
13,1984,479.2
13,1985,572.4
13,1986,451
13,1987,318.6
13,1988,845.1
13,1989,416.5
13,1990,703.2
13,1991,393.8
13,1992,429.5
13,1993,523.7
13,1994,564.3
13,1995,819.2
13,1996,644.7
13,1997,668.6
13,1998,685.3
13,1999,344.5
13,2000,384.4
13,2001,485.4
13,2002,357.3
13,2003,597.4
13,2004,487.2
13,2005,519.4
13,2006,331
13,2007,446.6
13,2008,710.3
13,2009,395.3
13,2010,640.4
13,2011,512.1
13,2012,391.3
13,2013,461.3
13,2014,305.5
13,2015,435.5
13,2016,398.7
13,2017,421.7
25,1901,523.3
25,1902,397.9
25,1903,570.9
25,1904,451.5
25,1905,434.1
25,1906,677.5
25,1907,589
25,1908,740.5
25,1909,845.7
25,1910,616.4
25,1911,505.8
25,1912,536.4
25,1913,561.1
25,1914,794.4
25,1915,421.6
25,1916,588.4
25,1917,1126.7
25,1918,339.6
25,1919,549.8
25,1920,383.1
25,1921,370.3
25,1922,513.6
25,1923,737.8
25,1924,590.9
25,1925,629.7
25,1926,607.4
25,1927,481.1
25,1928,437.3
25,1929,423
25,1930,557.4
25,1931,588.7
25,1932,490.3
25,1933,860.5
25,1934,429.2
25,1935,598
25,1936,626.4
25,1937,571.1
25,1938,430.8
25,1939,403.8
25,1940,532.3
25,1941,506.4
25,1942,871.5
25,1943,422.4
25,1944,626.7
25,1945,805.3
25,1946,478
25,1947,600.9
25,1948,620.3
25,1949,585
25,1950,992
25,1951,499.5
25,1952,566
25,1953,611.6
25,1954,633.2
25,1955,974.1
25,1956,750.5
25,1957,710.5
25,1958,828
25,1959,699.7
25,1960,607
25,1961,690.1
25,1962,769.4
25,1963,476.1
25,1964,708.9
25,1965,423.3
25,1966,638.1
25,1967,680.3
25,1968,536.2
25,1969,494.8
25,1970,650.6
25,1971,748.1
25,1972,471.1
25,1973,743.1
25,1974,356.3
25,1975,705.8
25,1976,794.6
25,1977,712.7
25,1978,720.7
25,1979,463.9
25,1980,661.7
25,1981,503.8
25,1982,571.4
25,1983,751
25,1984,710.4
25,1985,753
25,1986,612
25,1987,409.5
25,1988,1222.6
25,1989,480.4
25,1990,754.7
25,1991,475.8
25,1992,478.1
25,1993,582.9
25,1994,580.9
25,1995,869.2
25,1996,589.6
25,1997,690.1
25,1998,588.6
25,1999,364.6
25,2000,405.3
25,2001,441
25,2002,274.7
25,2003,424.8
25,2004,351.8
25,2005,552
25,2006,647.7
25,2007,594.8
25,2008,717.2
25,2009,361.1
25,2010,451.5
25,2011,705.1
25,2012,493.5
25,2013,586.6
25,2014,382.9
25,2015,510.8
25,2016,444.1
25,2017,497.5
14,1901,1345
14,1902,951.6
14,1903,993.4
14,1904,987.5
14,1905,930.2
14,1906,1317.4
14,1907,875.2
14,1908,987.5
14,1909,1077.1
14,1910,1406.9
14,1911,1333.9
14,1912,1207.6
14,1913,1119.3
14,1914,1735.9
14,1915,1236.8
14,1916,1172.1
14,1917,1703.5
14,1918,984.8
14,1919,1213.3
14,1920,1084.8
14,1921,1311.4
14,1922,1718.6
14,1923,1621
14,1924,1660.6
14,1925,1509.4
14,1926,1449.8
14,1927,1434.7
14,1928,1308.8
14,1929,1424.7
14,1930,1305.4
14,1931,1266.4
14,1932,1418.6
14,1933,1240.4
14,1934,982
14,1935,1028
14,1936,1157.9
14,1937,1464.9
14,1938,927.4
14,1939,877.6
14,1940,1088.6
14,1941,895.5
14,1942,1328.2
14,1943,1223.1
14,1944,1128.7
14,1945,1647
14,1946,1539
14,1947,1313.4
14,1948,1758.7
14,1949,1311.1
14,1950,1684.5
14,1951,1238.5
14,1952,1263.6
14,1953,1425.6
14,1954,1717.5
14,1955,1919.2
14,1956,1541.6
14,1957,1822.6
14,1958,1572.3
14,1959,1640.4
14,1960,1115.3
14,1961,1515.6
14,1962,1393.6
14,1963,1354.6
14,1964,1354
14,1965,1220.3
14,1966,1371
14,1967,1558.6
14,1968,1168.2
14,1969,1127.7
14,1970,1082.7
14,1971,1274.9
14,1972,842.3
14,1973,955.2
14,1974,776.3
14,1975,1054
14,1976,1179.5
14,1977,1245
14,1978,1371.2
14,1979,1021
14,1980,1154.9
14,1981,1147.2
14,1982,1423
14,1983,1189.6
14,1984,968.3
14,1985,1194
14,1986,1322.6
14,1987,1035.5
14,1988,1881.1
14,1989,1177.2
14,1990,1462.8
14,1991,1104.8
14,1992,1383.1
14,1993,1128.3
14,1994,1410.3
14,1995,1493.7
14,1996,1384.4
14,1997,1454.5
14,1998,1381.5
14,1999,1144.9
14,2000,1068.1
14,2001,991.8
14,2002,990.5
14,2003,1034.4
14,2004,878.3
14,2005,1248.5
14,2006,1218.4
14,2007,1034.4
14,2008,1114.3
14,2009,956.5
14,2010,1259.4
14,2011,1108.2
14,2012,951.7
14,2013,1212
14,2014,1008.9
14,2015,1210.5
14,2016,921.5
14,2017,1182.2
15,1901,980
15,1902,760.4
15,1903,1286.7
15,1904,982.1
15,1905,1157.6
15,1906,1193.1
15,1907,1069.6
15,1908,1227.4
15,1909,1339.9
15,1910,1109.6
15,1911,1280.1
15,1912,936.7
15,1913,1000.2
15,1914,1692.2
15,1915,963.8
15,1916,1034.3
15,1917,1386.1
15,1918,916.5
15,1919,1189.2
15,1920,889.9
15,1921,1057.7
15,1922,890.8
15,1923,1264.3
15,1924,1182
15,1925,1013.3
15,1926,1123.5
15,1927,973
15,1928,1291.1
15,1929,1102.7
15,1930,1168
15,1931,954.9
15,1932,1039.4
15,1933,1187.7
15,1934,803.1
15,1935,1085.4
15,1936,1140.9
15,1937,939.8
15,1938,1061.8
15,1939,1003.3
15,1940,878.4
15,1941,871.7
15,1942,1239.9
15,1943,1167.7
15,1944,1050.9
15,1945,856.3
15,1946,922.3
15,1947,913.9
15,1948,1183.1
15,1949,947
15,1950,1523.1
15,1951,962.8
15,1952,1069.5
15,1953,1229.7
15,1954,1307.3
15,1955,1156.5
15,1956,1520.7
15,1957,1520.3
15,1958,1350.4
15,1959,1550.2
15,1960,766.4
15,1961,1137.9
15,1962,930.3
15,1963,909.1
15,1964,946.2
15,1965,912.5
15,1966,1378.9
15,1967,1091.4
15,1968,1065.5
15,1969,1095.6
15,1970,656.9
15,1971,764.5
15,1972,1145.7
15,1973,1100.5
15,1974,802.5
15,1975,1180.5
15,1976,1023.4
15,1977,955.1
15,1978,1061.6
15,1979,1077.4
15,1980,1017.7
15,1981,1135.5
15,1982,1202.1
15,1983,1485.2
15,1984,1157.3
15,1985,1167.2
15,1986,1521.1
15,1987,1216
15,1988,1671
15,1989,1216
15,1990,1573.8
15,1991,1449
15,1992,1478
15,1993,1243.7
15,1994,1732.4
15,1995,1619.6
15,1996,1620.5
15,1997,1295.9
15,1998,1325.8
15,1999,890.6
15,2000,984.6
15,2001,952.7
15,2002,903.4
15,2003,1311.1
15,2004,944.8
15,2005,1692.6
15,2006,1519.9
15,2007,1023.6
15,2008,1224.5
15,2009,1104.389322
15,2010,997.8
15,2011,887.6
15,2012,1034.7
15,2013,859.3
15,2014,1093.5
15,2015,1572.9
15,2016,902.9
15,2017,1279.1
35,1901,158.8
35,1902,195.5
35,1903,307.2
35,1904,167.9
35,1905,114.4
35,1906,269.6
35,1907,353.3
35,1908,582
35,1909,426.2
35,1910,293.4
35,1911,138.9
35,1912,279.8
35,1913,248.1
35,1914,302.3
35,1915,147.3
35,1916,421.7
35,1917,768.8
35,1918,62.2
35,1919,305
35,1920,248.6
35,1921,218
35,1922,244.9
35,1923,273.4
35,1924,297
35,1925,169.6
35,1926,440.2
35,1927,332.5
35,1928,272.1
35,1929,303.3
35,1930,230
35,1931,395.3
35,1932,265.1
35,1933,376.2
35,1934,322.4
35,1935,256.7
35,1936,265.4
35,1937,292.4
35,1938,183.5
35,1939,137.4
35,1940,292.4
35,1941,224.6
35,1942,338.9
35,1943,295.5
35,1944,525
35,1945,363.9
35,1946,223
35,1947,253.2
35,1948,233.5
35,1949,224.7
35,1950,278.3
35,1951,179.9
35,1952,267.2
35,1953,304.3
35,1954,250.5
35,1955,391.3
35,1956,374.1
35,1957,267.3
35,1958,264.1
35,1959,335.4
35,1960,217.8
35,1961,400.3
35,1962,262.4
35,1963,174.5
35,1964,337.4
35,1965,215.2
35,1966,252.9
35,1967,340.3
35,1968,142
35,1969,118.9
35,1970,355.7
35,1971,251.7
35,1972,185.9
35,1973,454.8
35,1974,164.3
35,1975,553.9
35,1976,425.1
35,1977,389.2
35,1978,379.6
35,1979,308.4
35,1980,238.3
35,1981,248.5
35,1982,311.8
35,1983,469.3
35,1984,203.3
35,1985,197.3
35,1986,204.2
35,1987,143
35,1988,280.4
35,1989,248.2
35,1990,445
35,1991,179.1
35,1992,425.8
35,1993,293.5
35,1994,415.4
35,1995,367.8
35,1996,307.8
35,1997,345.2
35,1998,279.6
35,1999,204.3
35,2000,235.4
35,2001,285.3
35,2002,92.2
35,2003,368.1
35,2004,196.8
35,2005,260.6
35,2006,361.3
35,2007,310.7
35,2008,324.1
35,2009,160.5
35,2010,473.3
35,2011,418.7
35,2012,327.3
35,2013,389.5
35,2014,302.4
35,2015,458.5
35,2016,347
35,2017,408.2
9,1901,412.6
9,1902,578.2
9,1903,686.1
9,1904,694.5
9,1905,279.9
9,1906,647.3
9,1907,551.7
9,1908,870.1
9,1909,781.8
9,1910,685.3
9,1911,420.3
9,1912,655.3
9,1913,498.2
9,1914,676.5
9,1915,401.6
9,1916,845.2
9,1917,1350.5
9,1918,273.6
9,1919,786.9
9,1920,596.5
9,1921,547.7
9,1922,669.9
9,1923,690
9,1924,924.4
9,1925,483.7
9,1926,832.3
9,1927,726
9,1928,608.3
9,1929,575.8
9,1930,661.2
9,1931,774.4
9,1932,543.8
9,1933,937.9
9,1934,808.8
9,1935,684.8
9,1936,542.2
9,1937,670.4
9,1938,503.1
9,1939,400.7
9,1940,653
9,1941,505.7
9,1942,939.3
9,1943,716.6
9,1944,906.9
9,1945,861.8
9,1946,887.6
9,1947,714.9
9,1948,663.5
9,1949,509.2
9,1950,739.9
9,1951,362.9
9,1952,712.6
9,1953,585.8
9,1954,666
9,1955,844.6
9,1956,928.9
9,1957,662.3
9,1958,742.7
9,1959,786.3
9,1960,591.6
9,1961,884.3
9,1962,604.1
9,1963,577.6
9,1964,646.2
9,1965,423.9
9,1966,473.3
9,1967,760.1
9,1968,519.5
9,1969,634.1
9,1970,718.4
9,1971,784.4
9,1972,454.3
9,1973,948.2
9,1974,611.9
9,1975,897.9
9,1976,815.4
9,1977,887.5
9,1978,727.2
9,1979,515.2
9,1980,547.4
9,1981,615.3
9,1982,660.3
9,1983,795.3
9,1984,563.4
9,1985,588.1
9,1986,590
9,1987,435.9
9,1988,640.1
9,1989,510.5
9,1990,780.1
9,1991,578.7
9,1992,723.5
9,1993,595.2
9,1994,839.2
9,1995,754.2
9,1996,715.6
9,1997,573.8
9,1998,475.7
9,1999,408.5
9,2000,440.1
9,2001,551.3
9,2002,285.3
9,2003,626.6
9,2004,606.2
9,2005,567.8
9,2006,748.5
9,2007,575.6
9,2008,644.5
9,2009,414.2
9,2010,689.5
9,2011,802
9,2012,693.6
9,2013,836
9,2014,683.3
9,2015,650.7
9,2016,860.6
9,2017,600.4
34,1901,718.2
34,1902,911.8
34,1903,949.5
34,1904,774.3
34,1905,696.6
34,1906,1010.2
34,1907,650.5
34,1908,832.6
34,1909,830.3
34,1910,959.4
34,1911,676.3
34,1912,807.2
34,1913,790.5
34,1914,836.4
34,1915,772.7
34,1916,1219.1
34,1917,1309.3
34,1918,509.5
34,1919,1232.9
34,1920,714.8
34,1921,808.5
34,1922,918.1
34,1923,1071.1
34,1924,1031.1
34,1925,693.4
34,1926,913.8
34,1927,872.8
34,1928,895.7
34,1929,728.6
34,1930,888.2
34,1931,1131.7
34,1932,988.3
34,1933,1211.6
34,1934,1164.9
34,1935,871.2
34,1936,901.1
34,1937,1053.5
34,1938,1001
34,1939,802.6
34,1940,1064.9
34,1941,739.4
34,1942,1201.7
34,1943,962.8
34,1944,1347.7
34,1945,1047.3
34,1946,1250.7
34,1947,1064.7
34,1948,1247.7
34,1949,966.1
34,1950,904.4
34,1951,649.7
34,1952,829.3
34,1953,793.7
34,1954,1100.5
34,1955,1149.2
34,1956,1065.8
34,1957,833
34,1958,1099.7
34,1959,1181.5
34,1960,882.5
34,1961,1433.5
34,1962,905.9
34,1963,905.3
34,1964,879.9
34,1965,594.6
34,1966,680
34,1967,945.6
34,1968,861.3
34,1969,1116.8
34,1970,1113.1
34,1971,1135.6
34,1972,770.2
34,1973,1406.9
34,1974,876.6
34,1975,1064.7
34,1976,1027.6
34,1977,1002.8
34,1978,1003.2
34,1979,781.8
34,1980,874
34,1981,890.2
34,1982,934.1
34,1983,1071.8
34,1984,859.5
34,1985,874.7
34,1986,937.1
34,1987,784
34,1988,951.1
34,1989,758.4
34,1990,1144
34,1991,745.4
34,1992,754.3
34,1993,1031.8
34,1994,1179.6
34,1995,864.6
34,1996,1085.5
34,1997,1058.4
34,1998,926.9
34,1999,1052.7
34,2000,635.1043738
34,2001,787
34,2002,684.3
34,2003,946.3
34,2004,848
34,2005,752.3
34,2006,1169.2
34,2007,806.5
34,2008,791.1
34,2009,876.9
34,2010,776.2
34,2011,1063.9
34,2012,1035.2
34,2013,1396.2
34,2014,864.8
34,2015,1042.2
34,2016,1098
34,2017,768.9
8,1901,1332.7
8,1902,984.3
8,1903,1178.1
8,1904,1144.3
8,1905,886.2
8,1906,1369.7
8,1907,1009.6
8,1908,1430.5
8,1909,1122
8,1910,1222.2
8,1911,1197.1
8,1912,1150.5
8,1913,936.2
8,1914,1250
8,1915,1382.4
8,1916,1480.2
8,1917,1639.3
8,1918,930.5
8,1919,1747.3
8,1920,899.6
8,1921,1132
8,1922,1237.9
8,1923,1443.8
8,1924,1315.4
8,1925,1354.4
8,1926,1727
8,1927,1235.9
8,1928,1107
8,1929,1247.5
8,1930,1203.9
8,1931,1342.2
8,1932,1151.1
8,1933,1368.4
8,1934,1473.2
8,1935,1279.9
8,1936,1504.2
8,1937,1398.1
8,1938,1373.7
8,1939,1347.3
8,1940,1192.8
8,1941,828.1
8,1942,1508.3
8,1943,1382.5
8,1944,1427.1
8,1945,1286.2
8,1946,1494.5
8,1947,1419.6
8,1948,1430.5
8,1949,1235.4
8,1950,1177.9
8,1951,1175.4
8,1952,1155.4
8,1953,1007
8,1954,1076.5
8,1955,1420.9
8,1956,1515.9
8,1957,1000.8
8,1958,1171.5
8,1959,1302.2
8,1960,1252
8,1961,1598.7
8,1962,1068.4
8,1963,1120.2
8,1964,1187.3
8,1965,697.9
8,1966,849.3
8,1967,1407.8
8,1968,973.7
8,1969,1241.9
8,1970,1342.3
8,1971,1518.8
8,1972,1038.2
8,1973,1252.4
8,1974,971.2
8,1975,1434.3
8,1976,1055.7
8,1977,1372.2
8,1978,1392.5
8,1979,809.7
8,1980,1369.1
8,1981,1036.1
8,1982,1297.2
8,1983,1275.5
8,1984,1110.7
8,1985,1115.3
8,1986,1029.2
8,1987,1116.1
8,1988,1069.5
8,1989,921
8,1990,1379.9
8,1991,1016.8
8,1992,1051.1
8,1993,1118.8
8,1994,1533.8
8,1995,1032.3
8,1996,986.7
8,1997,1357
8,1998,1013.4
8,1999,1443.9
8,2000,874.3
8,2001,1170.1
8,2002,950
8,2003,1438
8,2004,955.3
8,2005,1366.4
8,2006,943.3
8,2007,653.7
8,2008,1003.2
8,2009,944
8,2010,960.6
8,2011,1275.2
8,2012,1053.2
8,2013,1521.9
8,2014,925
8,2015,939.2
8,2016,1340
8,2017,840.1
12,1901,554.3
12,1902,864
12,1903,887.7
12,1904,492.6
12,1905,811.5
12,1906,890.5
12,1907,996.9
12,1908,1027.5
12,1909,977.8
12,1910,974.6
12,1911,403.5
12,1912,1118.6
12,1913,1162.6
12,1914,1107.5
12,1915,567.3
12,1916,952.9
12,1917,1524.9
12,1918,392.7
12,1919,1067.4
12,1920,708.8
12,1921,1172.7
12,1922,878.6
12,1923,553.2
12,1924,909.6
12,1925,593
12,1926,1274.4
12,1927,1422.1
12,1928,821
12,1929,676.3
12,1930,894.6
12,1931,1104.5
12,1932,906.6
12,1933,1137
12,1934,979.5
12,1935,757
12,1936,609.2
12,1937,1203
12,1938,814.7
12,1939,605.6
12,1940,870
12,1941,961.7
12,1942,1186.6
12,1943,912.8
12,1944,1340.4
12,1945,1276.8
12,1946,1147.6
12,1947,783.3
12,1948,473.8
12,1949,800.4
12,1950,1129.3
12,1951,478.4
12,1952,776.4
12,1953,1055.4
12,1954,1247.9
12,1955,975.5
12,1956,1366.7
12,1957,647.8
12,1958,1123.3
12,1959,1560.6
12,1960,649.6
12,1961,945
12,1962,773
12,1963,997.7
12,1964,892.7
12,1965,656.8
12,1966,696.5
12,1967,938.6
12,1968,667.9
12,1969,788.9
12,1970,1353.9
12,1971,769.2
12,1972,503.7
12,1973,1159.7
12,1974,421.3
12,1975,1192.6
12,1976,1620.1
12,1977,1307.6
12,1978,935.8
12,1979,904.4
12,1980,822.1
12,1981,1114.2
12,1982,758.2
12,1983,1214
12,1984,853.7
12,1985,589.7
12,1986,501.9
12,1987,401.8
12,1988,1097.4
12,1989,822.9
12,1990,1118.3
12,1991,672.7
12,1992,901
12,1993,941.3
12,1994,1534.5
12,1995,684.2
12,1996,902.7
12,1997,1069
12,1998,1070
12,1999,568.6
12,2000,550.5
12,2001,849
12,2002,637.2
12,2003,1160.2
12,2004,1005.8
12,2005,1316.3
12,2006,1478
12,2007,1179
12,2008,911.1
12,2009,641.5
12,2010,1088.7
12,2011,890.3
12,2012,713.9
12,2013,1118.4
12,2014,705.7
12,2015,623
12,2016,764.7
12,2017,1024.4
27,1901,181.3
27,1902,401
27,1903,522.8
27,1904,185.7
27,1905,289.9
27,1906,540.4
27,1907,509.5
27,1908,527.9
27,1909,586.4
27,1910,549.8
27,1911,140.3
27,1912,652.6
27,1913,751.8
27,1914,577.3
27,1915,245.8
27,1916,495.9
27,1917,886.7
27,1918,117.7
27,1919,445.1
27,1920,490
27,1921,598
27,1922,334.7
27,1923,204.9
27,1924,310.6
27,1925,340.7
27,1926,901.5
27,1927,639.5
27,1928,426.9
27,1929,421.7
27,1930,450.2
27,1931,329.7
27,1932,492.4
27,1933,758
27,1934,398.3
27,1935,524
27,1936,371.1
27,1937,533.6
27,1938,345.9
27,1939,179.4
27,1940,356.6
27,1941,401.8
27,1942,342.2
27,1943,526.6
27,1944,717.6
27,1945,633.1
27,1946,473.3
27,1947,558.8
27,1948,247.6
27,1949,542.2
27,1950,473.6
27,1951,285.1
27,1952,400.9
27,1953,706.5
27,1954,599.8
27,1955,385.1
27,1956,739
27,1957,398.5
27,1958,551.7
27,1959,1020.9
27,1960,337.2
27,1961,753
27,1962,371.8
27,1963,379.1
27,1964,539.5
27,1965,421.2
27,1966,326.5
27,1967,738.4
27,1968,314.6
27,1969,290
27,1970,835.6
27,1971,513.7
27,1972,222.1
27,1973,390.3
27,1974,184.7
27,1975,682
27,1976,625.5
27,1977,564.1
27,1978,488.5
27,1979,955.5
27,1980,635.9
27,1981,705
27,1982,401.2
27,1983,758.5
27,1984,443.7
27,1985,298.8
27,1986,298.5
27,1987,92.5
27,1988,752.3
27,1989,498.1
27,1990,407.9
27,1991,218.8
27,1992,600.7
27,1993,312.6
27,1994,872.8
27,1995,374.1
27,1996,374.4
27,1997,600.2
27,1998,566.8
27,1999,380.8
27,2000,286
27,2001,510.2
27,2002,308
27,2003,686.2
27,2004,482.3
27,2005,631.5
27,2006,701.8
27,2007,890.8
27,2008,607.9
27,2009,596.8
27,2010,1119.9
27,2011,742.4
27,2012,323.8
27,2013,681.6
27,2014,383.9
27,2015,441.6
27,2016,483
27,2017,652
18,1901,2792.8
18,1902,2674
18,1903,3084.2
18,1904,2393.7
18,1905,1682.9
18,1906,2418.8
18,1907,2766.5
18,1908,2735.5
18,1909,2860.5
18,1910,2544
18,1911,2134.7
18,1912,2793.2
18,1913,2617.5
18,1914,3464.6
18,1915,2525.8
18,1916,3402.6
18,1917,3430.9
18,1918,1867.2
18,1919,2851.8
18,1920,1924
18,1921,2899.2
18,1922,2817.6
18,1923,2770.4
18,1924,2444.2
18,1925,2305.2
18,1926,3165.8
18,1927,2747
18,1928,3172.5
18,1929,2509.3
18,1930,2845.8
18,1931,3999.3
18,1932,2962.9
18,1933,3343.4
18,1934,3272.3
18,1935,2542.6
18,1936,2783.3
18,1937,3191.9
18,1938,3495.5
18,1939,2758.6
18,1940,3313.7
18,1941,1889.7
18,1942,3279.4
18,1943,3251.2
18,1944,2952.2
18,1945,3244.5
18,1946,3359
18,1947,3090.1
18,1948,3119.6
18,1949,3213.7
18,1950,2929.2
18,1951,2849.3
18,1952,2521.9
18,1953,3327.7
18,1954,3790.4
18,1955,3897.4
18,1956,3663.7
18,1957,3123.5
18,1958,4000.3
18,1959,3588.6
18,1960,3027.8
18,1961,3921
18,1962,3485.2
18,1963,3606.8
18,1964,3192.7
18,1965,3071.6
18,1966,2427.6
18,1967,2752.4
18,1968,2359.3
18,1969,3127.3
18,1970,3596.6
18,1971,2754
18,1972,1873
18,1973,2836.2
18,1974,3086.7
18,1975,3515.5
18,1976,3062.9
18,1977,3103.4
18,1978,2885.5
18,1979,2509.2
18,1980,2724.2
18,1981,3124.7
18,1982,2698.8
18,1983,3814.5
18,1984,2583.8
18,1985,2968.5
18,1986,2127.6
18,1987,2635
18,1988,3293
18,1989,2771.4
18,1990,3568
18,1991,2954.6
18,1992,2840.4
18,1993,3480.8
18,1994,3179.8
18,1995,2766.1
18,1996,2920.8
18,1997,3027.2
18,1998,3234.6
18,1999,2912.1
18,2000,3133.2
18,2001,2395.4
18,2002,2537.3
18,2003,2842.2
18,2004,2986.1
18,2005,3615.8
18,2006,3482.2
18,2007,3468.3
18,2008,3053
18,2009,2716.6
18,2010,3778.1
18,2011,3825.2
18,2012,3018.4
18,2013,3523.9
18,2014,2757.7
18,2015,2081.8
18,2016,3663.9
18,2017,3443.4
20,1901,769.1
20,1902,784
20,1903,837.9
20,1904,603.6
20,1905,537.7
20,1906,744.3
20,1907,815.1
20,1908,722
20,1909,755.2
20,1910,915.2
20,1911,544.5
20,1912,764.9
20,1913,732.5
20,1914,1038.9
20,1915,907.9
20,1916,1072.5
20,1917,938.2
20,1918,438.2
20,1919,878.9
20,1920,600.3
20,1921,734.3
20,1922,805.1
20,1923,680.9
20,1924,748.3
20,1925,661.7
20,1926,787.2
20,1927,925
20,1928,831.7
20,1929,690.4
20,1930,929.1
20,1931,1132.3
20,1932,1045
20,1933,1152.4
20,1934,858.4
20,1935,819
20,1936,735.5
20,1937,914.4
20,1938,1126.3
20,1939,821.7
20,1940,893.3
20,1941,774.3
20,1942,941.2
20,1943,993.1
20,1944,1086
20,1945,793.3
20,1946,1103.6
20,1947,905.6
20,1948,1016.2
20,1949,953.5
20,1950,932.5
20,1951,796.7
20,1952,683.4
20,1953,893.7
20,1954,985
20,1955,981.1
20,1956,1233.8
20,1957,849.8
20,1958,1054.1
20,1959,1118.9
20,1960,885.9
20,1961,1070.6
20,1962,899
20,1963,899.9
20,1964,945.6
20,1965,790.6
20,1966,837.5
20,1967,913.2
20,1968,824
20,1969,984.2
20,1970,941.2
20,1971,773.3
20,1972,519.9
20,1973,980.6
20,1974,911.8
20,1975,1040.7
20,1976,1025.9
20,1977,947.1
20,1978,883.7
20,1979,1026.7
20,1980,939.5
20,1981,929.8
20,1982,752
20,1983,918.6
20,1984,779.8
20,1985,656
20,1986,644.3
20,1987,807.5
20,1988,976.5
20,1989,816.5
20,1990,1022.5
20,1991,880.7
20,1992,791.1
20,1993,1019.9
20,1994,1021.6
20,1995,776.4
20,1996,975.3
20,1997,1000.9
20,1998,1101.1
20,1999,965.8
20,2000,701.5
20,2001,784.9
20,2002,740.2
20,2003,772.5
20,2004,1029.5
20,2005,1221.4
20,2006,1395.6
20,2007,1040.4
20,2008,916.8
20,2009,941.9
20,2010,1027.6
20,2011,852.5
20,2012,690
20,2013,962.5
20,2014,838
20,2015,644.5
20,2016,906.2
20,2017,994.3
21,1901,908.8
21,1902,744.1
21,1903,1032.7
21,1904,690.6
21,1905,505.8
21,1906,770.7
21,1907,557.9
21,1908,682.5
21,1909,892.8
21,1910,1134.2
21,1911,612.4
21,1912,488.4
21,1913,656.7
21,1914,989.1
21,1915,1001.6
21,1916,1177.9
21,1917,1168.2
21,1918,486
21,1919,662.8
21,1920,361
21,1921,562.4
21,1922,835.9
21,1923,764.9
21,1924,662.7
21,1925,604.9
21,1926,715.5
21,1927,744.6
21,1928,825.6
21,1929,609.4
21,1930,640.3
21,1931,1088.7
21,1932,844.2
21,1933,1122.9
21,1934,876.6
21,1935,922
21,1936,727.7
21,1937,738.3
21,1938,1072.7
21,1939,580.2
21,1940,855.6
21,1941,540.9
21,1942,1003
21,1943,852.4
21,1944,758.9
21,1945,622.2
21,1946,848.7
21,1947,855
21,1948,946.4
21,1949,914.2
21,1950,657.5
21,1951,731.4
21,1952,546
21,1953,891.2
21,1954,899.7
21,1955,1151.3
21,1956,1037.3
21,1957,900.6
21,1958,1024.4
21,1959,950.3
21,1960,738.3
21,1961,959
21,1962,945.7
21,1963,1001.1
21,1964,780.6
21,1965,631.3
21,1966,747.2
21,1967,759.8
21,1968,712.3
21,1969,824.6
21,1970,910.8
21,1971,607.9
21,1972,347.1
21,1973,871.3
21,1974,650.5
21,1975,1050.8
21,1976,623
21,1977,767.8
21,1978,784.8
21,1979,807.4
21,1980,812.8
21,1981,786.7
21,1982,636.5
21,1983,1187.7
21,1984,552.8
21,1985,575.5
21,1986,562.9
21,1987,786.2
21,1988,1169.9
21,1989,1068.4
21,1990,1198.1
21,1991,601
21,1992,726.6
21,1993,806.4
21,1994,583.6
21,1995,809.5
21,1996,854.9
21,1997,790.4
21,1998,1126.7
21,1999,767.5
21,2000,684.5
21,2001,732.4
21,2002,722.1
21,2003,720
21,2004,678.6
21,2005,940.5
21,2006,872.9
21,2007,714.6
21,2008,646.3
21,2009,668.9
21,2010,1011.7
21,2011,663.7
21,2012,526.7
21,2013,887.9
21,2014,548.9
21,2015,532.1
21,2016,949.1
21,2017,755.6
33,1901,1093.4
33,1902,749
33,1903,1229.4
33,1904,753.1
33,1905,941.9
33,1906,1191.3
33,1907,1010.7
33,1908,1243.5
33,1909,1061.8
33,1910,1294.1
33,1911,982.7
33,1912,1014
33,1913,1052.6
33,1914,1199
33,1915,1199.7
33,1916,1362.2
33,1917,1396.8
33,1918,801.5
33,1919,1212.6
33,1920,578.3
33,1921,1085.7
33,1922,1109.9
33,1923,941.3
33,1924,994.2
33,1925,941.2
33,1926,1071.3
33,1927,1167.4
33,1928,1017.3
33,1929,912.5
33,1930,983.1
33,1931,1404.1
33,1932,1130.6
33,1933,1502.2
33,1934,1218.3
33,1935,1158
33,1936,1451
33,1937,1319.2
33,1938,1460.9
33,1939,881.8
33,1940,1357.5
33,1941,829
33,1942,1341.6
33,1943,1018.2
33,1944,1367.7
33,1945,1199.6
33,1946,1173
33,1947,1168.2
33,1948,1182.7
33,1949,1398.3
33,1950,793.7
33,1951,1082.2
33,1952,807.8
33,1953,1137.8
33,1954,1100.4
33,1955,1368.7
33,1956,1124.6
33,1957,1071
33,1958,1172.1
33,1959,1606.3
33,1960,1065.1
33,1961,1440.7
33,1962,1152.6
33,1963,1147.7
33,1964,1010.8
33,1965,743.6
33,1966,1002.8
33,1967,1128.2
33,1968,922.9
33,1969,992.9
33,1970,1240.5
33,1971,882.3
33,1972,740.9
33,1973,1162.5
33,1974,840.8
33,1975,1324
33,1976,974.8
33,1977,1068
33,1978,1249.4
33,1979,1087.3
33,1980,1042.5
33,1981,1218.6
33,1982,856.1
33,1983,1240.5
33,1984,810.6
33,1985,876.9
33,1986,1157.1
33,1987,822.6
33,1988,1308.6
33,1989,997.8
33,1990,1504.8
33,1991,838.7
33,1992,1148.8
33,1993,1023.1
33,1994,1427.1
33,1995,1077.5
33,1996,854.9
33,1997,1039.3
33,1998,1061.8
33,1999,1165
33,2000,1105.2
33,2001,1122.1
33,2002,926.1
33,2003,1018.5
33,2004,731.9
33,2005,1214.6
33,2006,1215.5
33,2007,1167
33,2008,866.6
33,2009,770.8
33,2010,1338.1
33,2011,893.1
33,2012,1107.8
33,2013,1520.2
33,2014,919
33,2015,993.6
33,2016,1163.8
33,2017,803
5,1901,1386.9
5,1902,923.9
5,1903,1331.1
5,1904,1492.4
5,1905,1250.9
5,1906,1394.6
5,1907,1308.8
5,1908,1488.8
5,1909,1284.1
5,1910,1407.3
5,1911,1504.3
5,1912,1226.9
5,1913,1234.7
5,1914,1418
5,1915,1455.9
5,1916,1443.1
5,1917,1727.7
5,1918,1377.3
5,1919,1859
5,1920,1203.4
5,1921,1319.2
5,1922,1308.8
5,1923,1387.2
5,1924,1334.3
5,1925,1737
5,1926,1634.8
5,1927,1537.2
5,1928,1219.1
5,1929,1663.8
5,1930,1383.6
5,1931,1466.9
5,1932,1357.4
5,1933,1650.8
5,1934,1529
5,1935,1269.2
5,1936,1826.2
5,1937,1616.7
5,1938,1505.8
5,1939,1480.4
5,1940,1448.5
5,1941,1005.1
5,1942,1598.1
5,1943,1645
5,1944,1792.6
5,1945,1585.5
5,1946,1599.1
5,1947,1599.7
5,1948,1491.7
5,1949,1499.5
5,1950,1292.2
5,1951,1411.6
5,1952,1396.4
5,1953,1370.2
5,1954,1193.8
5,1955,1440.7
5,1956,1557
5,1957,1222.4
5,1958,1520.9
5,1959,1544.3
5,1960,1364.4
5,1961,1973.9
5,1962,1124.7
5,1963,1337.1
5,1964,1508.9
5,1965,941.5
5,1966,1087
5,1967,1472.4
5,1968,1168
5,1969,1172.5
5,1970,1501.5
5,1971,1533.8
5,1972,1199
5,1973,1467.3
5,1974,951.1
5,1975,1475.3
5,1976,1379.4
5,1977,1465.3
5,1978,1370.3
5,1979,904.6
5,1980,1495.4
5,1981,1216.4
5,1982,1197.3
5,1983,1372.1
5,1984,1254.7
5,1985,1237.5
5,1986,1368.6
5,1987,1142.8
5,1988,1206.3
5,1989,1187.2
5,1990,1643.9
5,1991,1220.9
5,1992,1156.6
5,1993,1205.4
5,1994,1754.6
5,1995,1280.7
5,1996,1187.1
5,1997,1317.2
5,1998,1332.7
5,1999,1322.7
5,2000,906.4
5,2001,1600.1
5,2002,990.4
5,2003,1694.2
5,2004,1144.7
5,2005,1287.3
5,2006,1317.8
5,2007,1281.2
5,2008,1108.6
5,2009,956.7
5,2010,1306.6
5,2011,1302.6
5,2012,1377.4
5,2013,1420
5,2014,1278.6
5,2015,1117.7
5,2016,1315.9
5,2017,1124.5
6,1901,993.7
6,1902,1063.5
6,1903,1316.1
6,1904,860.1
6,1905,795
6,1906,1021.4
6,1907,817.9
6,1908,842.2
6,1909,867.5
6,1910,1254.7
6,1911,819.4
6,1912,903.6
6,1913,840.9
6,1914,1013.1
6,1915,1347.3
6,1916,1351.3
6,1917,1289.7
6,1918,778
6,1919,1141.4
6,1920,723.4
6,1921,1015.2
6,1922,853.2
6,1923,1126.3
6,1924,1181.9
6,1925,1238.5
6,1926,870.7
6,1927,1052.9
6,1928,1101.4
6,1929,859.1
6,1930,1222.8
6,1931,1287
6,1932,971.6
6,1933,1087.3
6,1934,884.1
6,1935,751.2
6,1936,1328.7
6,1937,892.1
6,1938,1206.2
6,1939,1070.3
6,1940,1069.1
6,1941,1026.4
6,1942,879.8
6,1943,977.8
6,1944,1155.8
6,1945,991.6
6,1946,970.3
6,1947,1126.1
6,1948,1024.5
6,1949,1217.4
6,1950,986
6,1951,1096.2
6,1952,916.6
6,1953,990
6,1954,1153.5
6,1955,1379
6,1956,1408.6
6,1957,1017.7
6,1958,1605.4
6,1959,1120.7
6,1960,943.7
6,1961,1119.3
6,1962,1345.5
6,1963,1023.9
6,1964,1061
6,1965,754.3
6,1966,954.7
6,1967,843.2
6,1968,839
6,1969,1279.7
6,1970,1064
6,1971,1033.2
6,1972,1028.4
6,1973,859
6,1974,944.9
6,1975,1192.4
6,1976,1090.1
6,1977,1132.8
6,1978,1038.2
6,1979,934.2
6,1980,1014.8
6,1981,929.3
6,1982,888.5
6,1983,1195.9
6,1984,785.3
6,1985,967.6
6,1986,1009.9
6,1987,1079.8
6,1988,1164.9
6,1989,1030.1
6,1990,1611.3
6,1991,1122.2
6,1992,1000.9
6,1993,869.7
6,1994,1154.9
6,1995,1352
6,1996,1210.8
6,1997,971.9
6,1998,1310.7
6,1999,825.2
6,2000,992.3
6,2001,1009.5
6,2002,703.2
6,2003,1097
6,2004,873.8
6,2005,1221.6
6,2006,1159.6
6,2007,1099.4
6,2008,1107.5
6,2009,790.5
6,2010,1712.5
6,2011,861.8
6,2012,1318.3
6,2013,1120.4
6,2014,875.1
6,2015,1011
6,2016,909
6,2017,892.7
31,1901,827.7
31,1902,630.4
31,1903,1283.5
31,1904,526.7
31,1905,724.8
31,1906,855.3
31,1907,843.6
31,1908,982.8
31,1909,769.5
31,1910,975.8
31,1911,662
31,1912,743.8
31,1913,732.1
31,1914,1083.4
31,1915,1022
31,1916,1162.7
31,1917,1205.9
31,1918,554.8
31,1919,894.5
31,1920,436.8
31,1921,1003.4
31,1922,767.7
31,1923,786.3
31,1924,944.4
31,1925,1167.9
31,1926,763.5
31,1927,1005.6
31,1928,1006.3
31,1929,790.7
31,1930,835.9
31,1931,1183
31,1932,949.9
31,1933,1396.1
31,1934,928
31,1935,898.5
31,1936,1156.9
31,1937,866
31,1938,1175.4
31,1939,740.1
31,1940,1082.6
31,1941,594.4
31,1942,907
31,1943,899.4
31,1944,960.4
31,1945,1027.5
31,1946,822.9
31,1947,1005.5
31,1948,915
31,1949,1038.6
31,1950,761.4
31,1951,900.8
31,1952,729.8
31,1953,1272
31,1954,928.4
31,1955,1203.2
31,1956,1120.6
31,1957,983.2
31,1958,1113.8
31,1959,1224.2
31,1960,839.5
31,1961,1146.6
31,1962,1138.7
31,1963,1010.2
31,1964,887.5
31,1965,778.8
31,1966,971
31,1967,942.1
31,1968,748.5
31,1969,1047.1
31,1970,970.2
31,1971,729.2
31,1972,670.8
31,1973,1042.4
31,1974,830.2
31,1975,1215.7
31,1976,1035.7
31,1977,808.5
31,1978,1311.8
31,1979,791.7
31,1980,922.5
31,1981,1143.8
31,1982,933.2
31,1983,1497.4
31,1984,742.6
31,1985,785.8
31,1986,1007.3
31,1987,977
31,1988,1544.8
31,1989,1161
31,1990,1425.5
31,1991,849
31,1992,863.5
31,1993,885.6
31,1994,975.9
31,1995,1285.9
31,1996,986.8
31,1997,855.9
31,1998,1093.1
31,1999,863.6
31,2000,1077.9
31,2001,922.2
31,2002,765.3
31,2003,963.3
31,2004,667.1
31,2005,1163
31,2006,1052.9
31,2007,843.3
31,2008,1035.3
31,2009,666.2
31,2010,1276.5
31,2011,753.1
31,2012,1008.6
31,2013,1348.7
31,2014,746.4
31,2015,857.2
31,2016,1043.4
31,2017,815.7
26,1901,714
26,1902,818.4
26,1903,1138.2
26,1904,433.4
26,1905,703.2
26,1906,912.7
26,1907,640.4
26,1908,617.2
26,1909,870.7
26,1910,1001.2
26,1911,590.6
26,1912,745.5
26,1913,616.3
26,1914,678.4
26,1915,923
26,1916,1047.2
26,1917,933.1
26,1918,646.1
26,1919,890.5
26,1920,674.8
26,1921,743.6
26,1922,770.2
26,1923,515.8
26,1924,684.3
26,1925,865.5
26,1926,682.5
26,1927,682
26,1928,711.2
26,1929,696.7
26,1930,995.5
26,1931,719.1
26,1932,635.8
26,1933,678.2
26,1934,611.4
26,1935,782.3
26,1936,695.6
26,1937,775.4
26,1938,674.5
26,1939,798.2
26,1940,904.6
26,1941,653.3
26,1942,536.9
26,1943,1036.7
26,1944,917.6
26,1945,604
26,1946,953.7
26,1947,624.4
26,1948,608.7
26,1949,826.6
26,1950,510.9
26,1951,538.4
26,1952,701.4
26,1953,795.6
26,1954,785.2
26,1955,816.4
26,1956,930.8
26,1957,571.8
26,1958,808.2
26,1959,635.7
26,1960,744.2
26,1961,651.4
26,1962,816.2
26,1963,709
26,1964,791.6
26,1965,596.2
26,1966,904.1
26,1967,737.8
26,1968,624
26,1969,842.3
26,1970,776.4
26,1971,621.2
26,1972,826.1
26,1973,689.4
26,1974,728.3
26,1975,1041.5
26,1976,817
26,1977,866.5
26,1978,869.1
26,1979,813.5
26,1980,573.6
26,1981,785.3
26,1982,595.4
26,1983,943
26,1984,733
26,1985,685.9
26,1986,580.9
26,1987,769.4
26,1988,842.2
26,1989,693.6
26,1990,930.7
26,1991,967.6
26,1992,596.1
26,1993,886.9
26,1994,690.5
26,1995,874.3
26,1996,1277.7
26,1997,835.1
26,1998,947.9
26,1999,537.2
26,2000,871.3
26,2001,924.6
26,2002,615.3
26,2003,725.4
26,2004,741.7
26,2005,1066.4
26,2006,638.1
26,2007,980.6
26,2008,797.9
26,2009,688.3
26,2010,963.5
26,2011,738.2
26,2012,715.1
26,2013,762.6
26,2014,551.9
26,2015,1047.1
26,2016,555.4
26,2017,834.5
30,1901,960.4
30,1902,1138.4
30,1903,1163.8
30,1904,663.3
30,1905,821.1
30,1906,990.1
30,1907,885.6
30,1908,765
30,1909,954.5
30,1910,943.6
30,1911,815.1
30,1912,904.1
30,1913,879
30,1914,953.3
30,1915,988.6
30,1916,897.5
30,1917,948.3
30,1918,871.8
30,1919,1028.6
30,1920,1154.3
30,1921,979.3
30,1922,1080.3
30,1923,834.1
30,1924,895.2
30,1925,1013.5
30,1926,815.7
30,1927,830
30,1928,970.9
30,1929,977.7
30,1930,1275.4
30,1931,1039.8
30,1932,1109.8
30,1933,1010.9
30,1934,839.7
30,1935,893.8
30,1936,944.5
30,1937,1020
30,1938,783
30,1939,1055.8
30,1940,1178.5
30,1941,1006.8
30,1942,847.3
30,1943,1187.4
30,1944,1227.6
30,1945,784
30,1946,1294.1
30,1947,939.4
30,1948,906.6
30,1949,840.5
30,1950,747.5
30,1951,855
30,1952,716.2
30,1953,968
30,1954,1016.3
30,1955,1060.6
30,1956,989.8
30,1957,867
30,1958,852.5
30,1959,894.3
30,1960,1013.8
30,1961,910.8
30,1962,941.6
30,1963,1072.7
30,1964,910.6
30,1965,921.7
30,1966,1166.9
30,1967,899.2
30,1968,789.4
30,1969,961.8
30,1970,942
30,1971,1047.6
30,1972,1093.3
30,1973,858.7
30,1974,652.8
30,1975,923.7
30,1976,859
30,1977,1246
30,1978,998.9
30,1979,1103.3
30,1980,709.2
30,1981,1046
30,1982,678.8
30,1983,1007.9
30,1984,1023.7
30,1985,1063.4
30,1986,953
30,1987,963.4
30,1988,837.2
30,1989,856.7
30,1990,903.2
30,1991,954.8
30,1992,918.8
30,1993,1082.3
30,1994,905.9
30,1995,843.4
30,1996,1069.3
30,1997,950.5
30,1998,1079.8
30,1999,922.6
30,2000,972.2
30,2001,483.5
30,2002,318
30,2003,348.5
30,2004,1037.6
30,2005,1365.4
30,2006,927.8
30,2007,1067.1
30,2008,1203.4
30,2009,928.5
30,2010,1095.3
30,2011,926.7
30,2012,636.2
30,2013,742
30,2014,913
30,2015,1204.6
30,2016,535.2
30,2017,973
7,1901,3056.8
7,1902,3699.2
7,1903,3317.4
7,1904,3141.1
7,1905,2652.4
7,1906,2836
7,1907,3535.2
7,1908,3655.5
7,1909,3173
7,1910,3020.8
7,1911,2522.3
7,1912,3396.1
7,1913,2836.2
7,1914,3872.8
7,1915,2648.9
7,1916,3467.8
7,1917,3424
7,1918,2510.9
7,1919,2918.1
7,1920,2789.2
7,1921,3007.4
7,1922,3332.6
7,1923,3681.1
7,1924,3528.8
7,1925,3581.4
7,1926,2956.4
7,1927,3216.3
7,1928,3339.6
7,1929,3663.4
7,1930,2912.8
7,1931,3842.5
7,1932,3423.4
7,1933,4139.4
7,1934,3011.8
7,1935,2886.1
7,1936,3324.8
7,1937,3314.2
7,1938,3150.9
7,1939,2744.2
7,1940,3724
7,1941,2515.1
7,1942,3502.8
7,1943,3577.1
7,1944,2984.6
7,1945,3079.4
7,1946,4041.4
7,1947,3338.3
7,1948,3626.6
7,1949,3362.5
7,1950,3766.1
7,1951,3124.3
7,1952,2896.6
7,1953,3463.3
7,1954,3821.6
7,1955,3552.5
7,1956,3856.4
7,1957,3174.8
7,1958,3687.5
7,1959,4330.9
7,1960,3504.3
7,1961,5553.9
7,1962,4017.6
7,1963,3171.5
7,1964,3140.4
7,1965,2831.2
7,1966,2976.7
7,1967,3181.7
7,1968,3461.1
7,1969,3342.9
7,1970,4041.9
7,1971,3235.4
7,1972,2857
7,1973,3126
7,1974,3433.5
7,1975,4300
7,1976,2934
7,1977,3378.9
7,1978,3863
7,1979,2823.5
7,1980,3762.1
7,1981,3848.6
7,1982,4090.7
7,1983,3942.1
7,1984,3359.1
7,1985,3015.8
7,1986,2934.5
7,1987,2716.2
7,1988,3466.6
7,1989,3215.6
7,1990,4120.5
7,1991,3719.7
7,1992,3882.1
7,1993,3481.3
7,1994,4636.3
7,1995,3357.8
7,1996,3188.8
7,1997,3953.5
7,1998,3708
7,1999,3779.8
7,2000,3351.4
7,2001,3111.7
7,2002,2793.2
7,2003,3071.9
7,2004,3069.8
7,2005,3470.9
7,2006,3837.3
7,2007,3860.3
7,2008,3206.4
7,2009,3862
7,2010,3686.7
7,2011,3908.6
7,2012,3137.137772
7,2013,4229.5
7,2014,3684.5
7,2015,3105.9
7,2016,2619.7
7,2017,2947.6
23,1901,772.9
23,1902,716.1
23,1903,928.5
23,1904,578.6
23,1905,506.3
23,1906,783.9
23,1907,746.7
23,1908,595.1
23,1909,675.8
23,1910,759.5
23,1911,510
23,1912,758.8
23,1913,572.3
23,1914,824.9
23,1915,753.3
23,1916,1087.9
23,1917,823.9
23,1918,528.1
23,1919,727.1
23,1920,470.4
23,1921,583
23,1922,508.9
23,1923,602.7
23,1924,591.2
23,1925,642.8
23,1926,581
23,1927,680.8
23,1928,768.6
23,1929,598.1
23,1930,632.6
23,1931,719.2
23,1932,808.7
23,1933,947.2
23,1934,591.1
23,1935,714.9
23,1936,564.6
23,1937,552.4
23,1938,815.1
23,1939,653.9
23,1940,736.7
23,1941,535.7
23,1942,585.5
23,1943,879.2
23,1944,722.2
23,1945,544
23,1946,809
23,1947,786.4
23,1948,778.6
23,1949,763.3
23,1950,706.4
23,1951,708.4
23,1952,628.6
23,1953,891.1
23,1954,683.3
23,1955,967.1
23,1956,1038.9
23,1957,837.9
23,1958,751.9
23,1959,698.5
23,1960,691.6
23,1961,748.6
23,1962,838.9
23,1963,783.2
23,1964,899.8
23,1965,632.8
23,1966,723.6
23,1967,645.8
23,1968,727.3
23,1969,729.3
23,1970,790.6
23,1971,612.1
23,1972,499.3
23,1973,750.7
23,1974,817.1
23,1975,1093.7
23,1976,561.4
23,1977,849.9
23,1978,904.8
23,1979,963.2
23,1980,691.7
23,1981,877.2
23,1982,681.4
23,1983,777.8
23,1984,618.2
23,1985,501.1
23,1986,620.4
23,1987,747.1
23,1988,795.6
23,1989,676.1
23,1990,719
23,1991,720
23,1992,668.3
23,1993,731.8
23,1994,643.1
23,1995,662.4
23,1996,811.8
23,1997,1095.7
23,1998,852.6
23,1999,660.8
23,2000,712.5
23,2001,597.9
23,2002,530.4
23,2003,473.5
23,2004,641.9
23,2005,807.6
23,2006,650.5
23,2007,836.8
23,2008,712.4
23,2009,913.4
23,2010,853.1
23,2011,655.1
23,2012,583.8
23,2013,723.4
23,2014,756.7
23,2015,551.9
23,2016,625
23,2017,739.6
28,1901,1002.9
28,1902,1020.2
28,1903,1269.9
28,1904,845.9
28,1905,759.5
28,1906,1004.7
28,1907,998.4
28,1908,790.1
28,1909,1087.3
28,1910,1157.1
28,1911,906.3
28,1912,1149.9
28,1913,876.3
28,1914,926.7
28,1915,1031.7
28,1916,1230.6
28,1917,1094.3
28,1918,733.4
28,1919,1011.3
28,1920,828.8
28,1921,986.1
28,1922,897.1
28,1923,990.4
28,1924,1127.1
28,1925,982.4
28,1926,897
28,1927,863.8
28,1928,950.4
28,1929,1035
28,1930,993.4
28,1931,1012.5
28,1932,1270.2
28,1933,1329
28,1934,786.3
28,1935,954.7
28,1936,958.3
28,1937,911.1
28,1938,871.4
28,1939,1024.5
28,1940,1180
28,1941,937.6
28,1942,932.8
28,1943,1137.1
28,1944,1025.6
28,1945,792.4
28,1946,1245.1
28,1947,958.3
28,1948,1074.1
28,1949,876.5
28,1950,956.4
28,1951,925.3
28,1952,871.8
28,1953,1256
28,1954,1031.1
28,1955,1002
28,1956,1243.6
28,1957,1064.8
28,1958,1209.9
28,1959,1280.8
28,1960,990.1
28,1961,1409.5
28,1962,1306.9
28,1963,992.9
28,1964,1169.4
28,1965,735.1
28,1966,1010.9
28,1967,940.2
28,1968,1001
28,1969,1106.5
28,1970,1073.9
28,1971,1020.2
28,1972,1064.1
28,1973,1086.5
28,1974,1051.4
28,1975,1334.3
28,1976,761.3
28,1977,1207.8
28,1978,1231.5
28,1979,1120.7
28,1980,1225
28,1981,1184.5
28,1982,1003.5
28,1983,1111.1
28,1984,1063.9
28,1985,859.4
28,1986,1030.2
28,1987,934.6
28,1988,1022.2
28,1989,913.4
28,1990,848.5
28,1991,1221.2
28,1992,1201.1
28,1993,1038.1
28,1994,1157.7
28,1995,883.2
28,1996,1044.1
28,1997,1180.1
28,1998,1113
28,1999,1149.7
28,2000,1207.3
28,2001,926.4
28,2002,755.8
28,2003,762.7
28,2004,1133.5
28,2005,1319.3
28,2006,1030.5
28,2007,1231
28,2008,1140.6
28,2009,1158.4
28,2010,1239.8
28,2011,1087.3
28,2012,878
28,2013,1110.6
28,2014,1184.1
28,2015,1112.5
28,2016,687.4
28,2017,1061.8
17,1901,3248.6
17,1902,3326.5
17,1903,3271.4
17,1904,3129.6
17,1905,2741.7
17,1906,2708.1
17,1907,3670.9
17,1908,2648.3
17,1909,3050.1
17,1910,2848.6
17,1911,2726.8
17,1912,3451.3
17,1913,2610.7
17,1914,2899.2
17,1915,3024.7
17,1916,2945.4
17,1917,2704.8
17,1918,2501.9
17,1919,3003.1
17,1920,3303.2
17,1921,2720
17,1922,3267.7
17,1923,3484.9
17,1924,4226.3
17,1925,3062.2
17,1926,2965.4
17,1927,2994.8
17,1928,2502.7
17,1929,3361.6
17,1930,3018
17,1931,3259.5
17,1932,3403.1
17,1933,4072.8
17,1934,2410.7
17,1935,2498.1
17,1936,3043.1
17,1937,2818.1
17,1938,2634.1
17,1939,2937.5
17,1940,3117.8
17,1941,3111.2
17,1942,3051
17,1943,3464.3
17,1944,2489.9
17,1945,2432.3
17,1946,3565.5
17,1947,2998
17,1948,3039.2
17,1949,2942.5
17,1950,3146.7
17,1951,2705.6
17,1952,2334.8
17,1953,2544.8
17,1954,2937.9
17,1955,3134.6
17,1956,2798.3
17,1957,3103.2
17,1958,2923.1
17,1959,3746.2
17,1960,3385.6
17,1961,4257.9
17,1962,3375.8
17,1963,2651
17,1964,2869.2
17,1965,2342.5
17,1966,2621.8
17,1967,2569.1
17,1968,3392.7
17,1969,2664.9
17,1970,2703.3
17,1971,3076.7
17,1972,2739.2
17,1973,2412.4
17,1974,2767.5
17,1975,3498.4
17,1976,2068.8
17,1977,3047.6
17,1978,3176.7
17,1979,2503.1
17,1980,2803.4
17,1981,3005.8
17,1982,2223.3
17,1983,2320.5
17,1984,2762.2
17,1985,2390.8
17,1986,2093.4
17,1987,2137.6
17,1988,2403.4
17,1989,2422.6
17,1990,2693.3
17,1991,3184.5
17,1992,3239.4
17,1993,2717.7
17,1994,3410.8
17,1995,2858.8
17,1996,2609.9
17,1997,3252.5
17,1998,3151.4
17,1999,2914.7
17,2000,2412.5
17,2001,2931
17,2002,2507.5
17,2003,2394.8
17,2004,2886
17,2005,3031.2
17,2006,3420.6
17,2007,3489.6
17,2008,2524.7
17,2009,2810.7
17,2010,3131.9
17,2011,3035.3
17,2012,2151.2
17,2013,3255.5
17,2014,3046.6
17,2015,2600.7
17,2016,1870.8
17,2017,2664.8
19,1901,1459.2
19,1902,2158.8
19,1903,1437.925542
19,1904,1176.9
19,1905,1574.9
19,1906,1811.6
19,1907,1458.8
19,1908,1959.1
19,1909,1463.5
19,1910,1849.2
19,1911,1687.7
19,1912,1654.9
19,1913,1518.5
19,1914,2034
19,1915,1545.5
19,1916,1398.5
19,1917,1461.587257
19,1919,1926.5
19,1920,2072.504374
19,1921,1589.411863
19,1922,1928.5
19,1923,1572.2
19,1924,1972
19,1925,1676.9
19,1926,1836.2
19,1927,1413.004035
19,1928,1434.295503
19,1929,1562.190685
19,1930,1258.4
19,1931,1625.837772
19,1932,1893.7
19,1933,2314.1
19,1934,1087.9
19,1935,1529.2
19,1936,1744.1
19,1937,1443.6
19,1938,1547.6
19,1939,1207.3
19,1940,1406.7
19,1941,1163.4
19,1942,1786.2
19,1943,1992.881712
19,1944,1668.1
19,1945,1321.3
19,1946,1362.27227
19,1947,1755.9
19,1948,1325.3
19,1949,1794.690685
19,1950,1494.1
19,1951,1715.3
19,1952,1124.5
19,1953,1606.2
19,1954,1555.5
19,1955,1548.3
19,1956,1287.4
19,1957,1347.2
19,1958,992.6
19,1959,1583.6
19,1960,1901.8
19,1961,2235.3
19,1962,1586.6
19,1963,1902.1
19,1964,1651.7
19,1965,1405.9
19,1966,1741.5
19,1967,1287.3
19,1968,1344.4
19,1969,1416.1
19,1970,1783
19,1971,1901.4
19,1972,1287.6
19,1973,1557.4
19,1974,1511.3
19,1975,1890.5
19,1976,1502.1
19,1977,1848.2
19,1978,1967.4
19,1979,1825.4
19,1980,1211.7
19,1981,1617.4
19,1982,1392
19,1983,1403.2
19,1984,1591.6
19,1985,1303.4
19,1986,1465.9
19,1987,1288.6
19,1988,1450.8
19,1989,1714.4
19,1990,1310.5
19,1991,1583
19,1992,1534.9
19,1993,1449.7
19,1994,1547.1
19,1995,2030.9
19,1996,1606
19,1997,1764.7
19,1998,1986.9
19,1999,1857.3
19,2000,1372.1
19,2001,1380.6
19,2002,1033.5
19,2003,1532.9
19,2004,1553.2
19,2005,1575.4
19,2006,1598.6
19,2007,2361.6
19,2008,1726.8
19,2009,1570.1
19,2010,1725.2
19,2011,1533.7
19,2012,1405.5
19,2013,1426.3
19,2014,1395
19,2015,1642.9
19,2016,1065.7
